country,map
Eswatini,IntersectionGuessr - Eswatini
Eswatini,A Pinpointable Eswatini
Eswatini,Eswatini
Eswatini,AI gen - Eswatini
Jordan,IntersectionGuessr - Jordan · الأردن
Jordan,A Balanced Jordan
San Marino,San Marino
San Marino,AI Gen - San Marino
San Marino,IntersectionGuessr - San Marino
Ghana,AI gen - Ghana
Ghana,IntersectionGuessr - Ghana
Ghana,Ghana
Ghana,Plonk It Ghana
Ghana,A Pinpointable Ghana
Kyrgyzstan,Kyrgyzstan/Кыргызстан
Kyrgyzstan,Kyrgyzstan
Kyrgyzstan,A Better Kyrgyzstan
Kyrgyzstan,A Balanced Kyrgyzstan
Paraguay,Paraguay
Andorra,Pinpointable Andorra
Andorra,Andorra
Guatemala,Guatemala
Guatemala,AI gen - Guatemala
Bosnia and Herzegovina,Bosnia and Herzegovina
Armenia,Armenia
Algeria,Algeria
Nepal,Nepal
Lesotho,A Balanced Lesotho
Lesotho,Lesotho
Lesotho,AI gen - Lesotho
Lesotho,Unpinpointable Lesotho
Lesotho,Pinpointable Lesotho
Austria,Austria
Austria,IntersectionGuessr - Austria
Austria,Austrian Squares
Austria,A Balanced Austria
Montenegro,Montenegro
Montenegro,AI gen - Montenegro
Montenegro,IntersectionGuessr - Montenegro
Ecuador,An urban ecuador
Ecuador,A Balanced Ecuador
Ecuador,Ecuador
Bolivia,Bolivia
Latvia,Latvia
Uruguay,Uruguay
Belgium,Belgium
Cambodia,Cambodia
Romania,Romania
Moldova,Moldova
Luxembourg,Luxembourg
Panama,Panama
Panama,AI Generated Panama
Israel,Israel
Laos,Laos
Nigeria,IntersectionGuessr - Nigeria
Nigeria,A Balanced Nigeria
Nigeria,Nigeria
Rwanda,Rwanda
Rwanda,All Rwanda coverage as of 2022-10-07 19:04 CEST
Estonia,Estonia
Kazakhstan,AI Gen - Kazakhstan
Kazakhstan,Big cities of kazakhstan
Kazakhstan,A learnable Kazakhstan
Kazakhstan,KAZAKHSTAN / КАЗАХСТАН
Kazakhstan,AI Generated Kazakhstan
Kazakhstan,A Diverse Kazakhstan
Kazakhstan,Plonk It Kazakhstan
Kazakhstan,A Balanced Kazakhstan
Kazakhstan,Kazakhstan
Kazakhstan,random locs in Kazakhstan
Kazakhstan,An Arbitrary Kazakhstan
United Arab Emirates,United Arab Emirates
Senegal,Pinpointable Senegal
Senegal,AI gen - Senegal gen 4
Senegal,A Balanced Senegal
Senegal,Senegal
Senegal,A Pinpointable Senegal
Senegal,Plonk It Senegal
Tunisia,A Balanced Tunisia
Tunisia,Tunisia
Tunisia,IntersectionGuessr - Tunisia
Denmark,Denmark
Norway,Norway
Colombia,IntersectionGuessr - Colombia
Colombia,A Stochastic Populated Colombia
Colombia,A Balanced Colombia
Colombia,Colombia
Malta,Malta
Australia,Australia
Botswana,A Plonk It Botswana
Botswana,Botswana
Botswana,A Balanced Botswana
Kenya,A Balanced Kenya
Kenya,Kenya
Kenya,IntersectionGuessr - Kenya
Peru,Peru
Peru,IntersectionGuessr - Peru
Peru,A Balanced Peru
Chile,Chile
Bhutan,Bhutan
Bulgaria,Bulgaria
China,China
Argentina,Argentina
Bangladesh,Bangladesh
Bangladesh,AI Gen - Bangladesh
Bangladesh,A Balanced Bangladesh
Serbia,Serbia
Switzerland,Switzerland
Albania,Albania
Albania,Plonk It Albania
Albania,A Balanced Albania
Malaysia,Malaysia
Taiwan,Taiwan
Sri Lanka,AI gen - Sri Lanka
Sri Lanka,Sri Lanka • இலங்கை
Sri Lanka,Pinpointable Sri Lanka
Sri Lanka,Sri Lanka
Greece,Greece
South Korea,South Korea
New Zealand,New Zealand
Oman,Oman
Turkey,Izmir (Turkey)
Turkey,Turkey
Turkey,Provinces of Turkey
Turkey,Sakarya Türkiye - Sakarya Turkey
Turkey,Pinpointable Aegean Turkey
Turkey,A Balanced Turkey
Singapore,Singapore
Mexico,Mexico
North Macedonia,IntersectionGuessr - North Macedonia · Македонија
North Macedonia,An Arbitrary Rural North Macedonia (AARMK)
North Macedonia,A Balanced North Macedonia
North Macedonia,North Macedonia
North Macedonia,AI gen - North Macedonia
South Africa,South Africa
Thailand,Thailand
Finland,Finland
Ireland,Ireland
Iceland,A Pinpointable Iceland
Iceland,An Arbitrary Iceland
Iceland,Iceland
Ukraine,Ukraine
Portugal,Portugal
Czech Republic,Czech Republic
Hungary,Hungary
Slovakia,Slovakia
Qatar,Qatar
Russia,Russia
Uganda,Uganda
Netherlands,Netherlands
India,India
Lithuania,Lithuania
Philippines,Philippines
Italy,Italy
Slovenia,Slovenia
Germany,Germany
Brazil,Brazil
Sweden,Sweden
Hong Kong,Hong Kong
Canada,Canada
Indonesia,Indonesia
Spain,Spain
Croatia,Croatia
France,France
Poland,Poland
United Kingdom,United Kingdom
Japan,Japan
United States,United States
